method,method_label,depth,target_age,n,accuracy,mean_answer_ce,mean_teacher_answer_ce,mean_ce_gap_to_full,mean_kl_to_full,source_tokens,represented_source_tokens,memory_positions,source_tokens_per_position,mean_compaction_ms_per_chunk
full_context,Full context,1,overall,8,1.0,0.0005724170550820418,0.0005724170550820418,0.0,4.418287957719258e-10,64,64,64,1.0,
full_context,Full context,1,oldest,4,1.0,0.0007383082847809419,0.0007383082847809419,0.0,1.2147136629891975e-09,64,64,64,1.0,
full_context,Full context,1,middle,2,1.0,0.0005141233268659562,0.0005141233268659562,0.0,-2.2737367544323206e-08,64,64,64,1.0,
full_context,Full context,1,newest,2,1.0,0.0002989283239003271,0.0002989283239003271,0.0,2.2075255401432514e-08,64,64,64,1.0,
full_context,Full context,2,overall,8,1.0,0.0004032835531688761,0.0004032835531688761,0.0,-2.8827339959569542e-09,128,128,128,1.0,
full_context,Full context,2,oldest,4,1.0,0.0005173437893972732,0.0005173437893972732,0.0,-4.2447823034308385e-09,128,128,128,1.0,
full_context,Full context,2,middle,2,1.0,0.000235814386542188,0.000235814386542188,0.0,7.035851012915373e-09,128,128,128,1.0,
full_context,Full context,2,newest,2,1.0,0.00034263224733876996,0.00034263224733876996,0.0,-1.0077222389881513e-08,128,128,128,1.0,
full_context,Full context,4,overall,8,1.0,0.0012762983601533051,0.0012762983601533051,0.0,-4.604799874741161e-09,256,256,256,1.0,
full_context,Full context,4,oldest,4,1.0,0.0005425419503808371,0.0005425419503808371,0.0,-3.6253595681046136e-09,256,256,256,1.0,
full_context,Full context,4,middle,2,1.0,0.0009472433594055474,0.0009472433594055474,0.0,-1.640751179365907e-08,256,256,256,1.0,
full_context,Full context,4,newest,2,1.0,0.003072866180445999,0.003072866180445999,0.0,5.239031430903651e-09,256,256,256,1.0,
full_context,Full context,8,overall,8,1.0,0.001306233849390992,0.001306233849390992,0.0,-2.143480060112779e-09,512,512,512,1.0,
full_context,Full context,8,oldest,4,1.0,0.0012097351245756727,0.0012097351245756727,0.0,2.6778934625326656e-10,512,512,512,1.0,
full_context,Full context,8,middle,2,1.0,0.002127824816852808,0.002127824816852808,0.0,4.656612873077393e-10,512,512,512,1.0,
full_context,Full context,8,newest,2,1.0,0.0006776403315598145,0.0006776403315598145,0.0,-9.575160220265388e-09,512,512,512,1.0,
full_context,Full context,16,overall,8,1.0,0.0009807578535401262,0.0009807578535401262,0.0,-5.537047292891728e-09,1024,1024,1024,1.0,
full_context,Full context,16,oldest,4,1.0,0.0009454071841901168,0.0009454071841901168,0.0,-8.541974239051342e-09,1024,1024,1024,1.0,
full_context,Full context,16,middle,2,1.0,0.0016924092778936028,0.0016924092778936028,0.0,-8.440285026445338e-09,1024,1024,1024,1.0,
full_context,Full context,16,newest,2,1.0,0.00033980776788666844,0.00033980776788666844,0.0,3.3760443329811096e-09,1024,1024,1024,1.0,
full_context,Full context,32,overall,8,1.0,0.0007293547423614655,0.0007293547423614655,0.0,5.538311143027386e-09,2048,2048,2048,1.0,
full_context,Full context,32,oldest,4,1.0,0.001097138607292436,0.001097138607292436,0.0,7.748099051241297e-09,2048,2048,2048,1.0,
full_context,Full context,32,middle,2,1.0,0.0002143749297829345,0.0002143749297829345,0.0,1.3649696484208107e-08,2048,2048,2048,1.0,
full_context,Full context,32,newest,2,1.0,0.0005087668250780553,0.0005087668250780553,0.0,-6.992650014581159e-09,2048,2048,2048,1.0,
full_context,Full context,100,overall,8,1.0,0.0035880308569176123,0.0035880308569176123,0.0,-5.274046088743489e-09,6400,6400,6400,1.0,
full_context,Full context,100,oldest,4,1.0,0.004773684573592618,0.004773684573592618,0.0,-4.48198989033699e-09,6400,6400,6400,1.0,
full_context,Full context,100,middle,2,1.0,0.0011892375187017024,0.0011892375187017024,0.0,-1.8106334209733177e-08,6400,6400,6400,1.0,
full_context,Full context,100,newest,2,1.0,0.0036155167617835104,0.0036155167617835104,0.0,5.974129635433201e-09,6400,6400,6400,1.0,
text_window,Text window,1,overall,8,1.0,0.0005724170550820418,0.0005724170550820418,0.0,4.418287957719258e-10,64,64,64,1.0,
text_window,Text window,1,oldest,4,1.0,0.0007383082847809419,0.0007383082847809419,0.0,1.2147136629891975e-09,64,64,64,1.0,
text_window,Text window,1,middle,2,1.0,0.0005141233268659562,0.0005141233268659562,0.0,-2.2737367544323206e-08,64,64,64,1.0,
text_window,Text window,1,newest,2,1.0,0.0002989283239003271,0.0002989283239003271,0.0,2.2075255401432514e-08,64,64,64,1.0,
text_window,Text window,2,overall,8,0.5,2.276862681877901,0.0004032835531688761,2.2764593983247323,2.2743046053292346,128,64,64,2.0,
text_window,Text window,2,oldest,4,0.0,4.553289473056793,0.0005173437893972732,4.552772129267396,4.5485230684280396,128,64,64,2.0,
text_window,Text window,2,middle,2,1.0,0.00043156683386769146,0.000235814386542188,0.00019575244732550345,9.576290449331282e-05,128,64,64,2.0,
text_window,Text window,2,newest,2,1.0,0.00044021456415066496,0.00034263224733876996,9.7582316811895e-05,7.65215563660604e-05,128,64,64,2.0,
text_window,Text window,4,overall,8,0.25,2.8284337100049015,0.0012762983601533051,2.827157411644748,2.824635015160311,256,64,64,4.0,
text_window,Text window,4,oldest,4,0.0,3.4597480297088623,0.0005425419503808371,3.4592054877584815,3.4554919600486755,256,64,64,4.0,
text_window,Text window,4,middle,2,0.0,4.393374562263489,0.0009472433594055474,4.392427318904083,4.385221838951111,256,64,64,4.0,
text_window,Text window,4,newest,2,1.0,0.0008642183383926749,0.003072866180445999,-0.002208647842053324,0.0023343015927821398,256,64,64,4.0,
text_window,Text window,8,overall,8,0.375,2.123254048195122,0.001306233849390992,2.121947814345731,2.116616445435284,512,64,64,8.0,
text_window,Text window,8,oldest,4,0.0,3.6861820220947266,0.0012097351245756727,3.684972286970151,3.678425669670105,512,64,64,8.0,
text_window,Text window,8,middle,2,0.5,1.1202753782272339,0.002127824816852808,1.118147553410381,1.1093368530273438,512,64,64,8.0,
text_window,Text window,8,newest,2,1.0,0.00037677036380046047,0.0006776403315598145,-0.00030086996775935404,0.0002775893735815771,512,64,64,8.0,
text_window,Text window,16,overall,8,0.5,2.0366836659222827,0.0009807578535401262,2.0357029080687425,2.03137143139611,1024,64,64,16.0,
text_window,Text window,16,oldest,4,0.25,2.5442667603492737,0.0009454071841901168,2.5433213531650836,2.5385374277830124,1024,64,64,16.0,
text_window,Text window,16,middle,2,0.5,3.058011382818222,0.0016924092778936028,3.0563189735403284,3.048230826854706,1024,64,64,16.0,
text_window,Text window,16,newest,2,1.0,0.00018976017236127518,0.00033980776788666844,-0.00015004759552539326,0.00018004316370934248,1024,64,64,16.0,
text_window,Text window,32,overall,8,0.25,1.4408335110001644,0.0007293547423614655,1.440104156257803,1.4387897314773,2048,64,64,32.0,
text_window,Text window,32,oldest,4,0.0,1.333295226097107,0.001097138607292436,1.3321980874898145,1.3295146524906158,2048,64,64,32.0,
text_window,Text window,32,middle,2,0.0,3.096438765525818,0.0002143749297829345,3.096224390596035,3.095256507396698,2048,64,64,32.0,
text_window,Text window,32,newest,2,1.0,0.0003048262806260027,0.0005087668250780553,-0.00020394054445205256,0.0008731135312700644,2048,64,64,32.0,
text_window,Text window,100,overall,8,0.375,1.2206819670973346,0.0035880308569176123,1.217093936240417,1.2144402758713113,6400,64,64,100.0,
text_window,Text window,100,oldest,4,0.0,1.9598446786403656,0.004773684573592618,1.955070994066773,1.9462552666664124,6400,64,64,100.0,
text_window,Text window,100,middle,2,0.5,0.9622572213411331,0.0011892375187017024,0.9610679838224314,0.9585792571306229,6400,64,64,100.0,
text_window,Text window,100,newest,2,1.0,0.0007812897674739361,0.0036155167617835104,-0.0028342269943095744,0.006671313021797687,6400,64,64,100.0,
single_step,Single-step Still,1,overall,8,1.0,2.528652578348556e-05,0.0005724170550820418,-0.0005471305292985562,0.0032381450437242165,64,64,64,1.0,65.13544055633247
single_step,Single-step Still,1,oldest,4,1.0,2.509267096684198e-05,0.0007383082847809419,-0.0007132156138140999,0.004255944979377091,64,64,64,1.0,79.48630524333566
single_step,Single-step Still,1,middle,2,1.0,9.35788420974859e-06,0.0005141233268659562,-0.0005047654426562076,0.0027506067999638617,64,64,64,1.0,48.86308661662042
single_step,Single-step Still,1,newest,2,1.0,4.1602876990509685e-05,0.0002989283239003271,-0.0002573254469098174,0.0016900834161788225,64,64,64,1.0,52.706065122038126
single_step,Single-step Still,2,overall,8,1.0,0.2324142763391137,0.0004032835531688761,0.23201099278594484,0.23107966966927052,128,128,64,2.0,51.98147284681909
single_step,Single-step Still,2,oldest,4,1.0,0.18833122216165066,0.0005173437893972732,0.18781387837225338,0.18683904502540827,128,128,64,2.0,51.96165421511978
single_step,Single-step Still,2,middle,2,1.0,0.27635373605880886,0.000235814386542188,0.2761179216722667,0.2753976600943133,128,128,64,2.0,52.35843767877668
single_step,Single-step Still,2,newest,2,1.0,0.27664092497434467,0.00034263224733876996,0.2762982927270059,0.2752429285319522,128,128,64,2.0,51.64414527826011
single_step,Single-step Still,4,overall,8,0.875,0.4031813305336982,0.0012762983601533051,0.4019050321735449,0.3979957857518457,256,256,64,4.0,52.86555513157509
single_step,Single-step Still,4,oldest,4,0.75,0.5131217259913683,0.0005425419503808371,0.5125791840409875,0.5107646489050239,256,256,64,4.0,53.09025302994996
single_step,Single-step Still,4,middle,2,1.0,0.016614303924143314,0.0009472433594055474,0.015667060564737767,0.015695698792114854,256,256,64,4.0,52.25189996417612
single_step,Single-step Still,4,newest,2,1.0,0.5698675662279129,0.003072866180445999,0.5667947000474669,0.55475814640522,256,256,64,4.0,53.029814502224326
single_step,Single-step Still,8,overall,8,1.0,0.11182226415257901,0.001306233849390992,0.11051603030318802,0.10953428875654936,512,512,64,8.0,52.70321808347944
single_step,Single-step Still,8,oldest,4,1.0,0.16984346858225763,0.0012097351245756727,0.16863373345768196,0.16723880637437105,512,512,64,8.0,52.43719759164378
single_step,Single-step Still,8,middle,2,1.0,0.03567090630531311,0.002127824816852808,0.0335430814884603,0.033459967002272606,512,512,64,8.0,53.69289856753312
single_step,Single-step Still,8,newest,2,1.0,0.07193121314048767,0.0006776403315598145,0.07125357280892786,0.07019957527518272,512,512,64,8.0,52.245578583097085
single_step,Single-step Still,16,overall,8,0.875,0.23225025930150878,0.0009807578535401262,0.23126950144796865,0.23049034149153158,1024,1024,64,16.0,52.765410822757985
single_step,Single-step Still,16,oldest,4,1.0,0.046994486066978425,0.0009454071841901168,0.04604907888278831,0.045929254963994026,1024,1024,64,16.0,53.7412405537907
single_step,Single-step Still,16,middle,2,1.0,0.19134733825922012,0.0016924092778936028,0.18965492898132652,0.18749328469857574,1024,1024,64,16.0,51.83799934457056
single_step,Single-step Still,16,newest,2,0.5,0.6436647268128581,0.00033980776788666844,0.6433249190449715,0.6426095713395625,1024,1024,64,16.0,51.74116283887997
single_step,Single-step Still,32,overall,8,0.875,0.2540894977282733,0.0007293547423614655,0.2533601429859118,0.25321700354106724,2048,2048,64,32.0,51.50555269938195
single_step,Single-step Still,32,oldest,4,1.0,0.19975732127204537,0.001097138607292436,0.19866018266475294,0.19842914957553148,2048,2048,64,32.0,51.36402242715121
single_step,Single-step Still,32,middle,2,1.0,0.023355958051979542,0.0002143749297829345,0.023141583122196607,0.022857697680592537,2048,2048,64,32.0,51.74676713795634
single_step,Single-step Still,32,newest,2,0.5,0.5934873903170228,0.0005087668250780553,0.5929786234919447,0.5931520173326135,2048,2048,64,32.0,51.54739880526904
single_step,Single-step Still,100,overall,8,1.0,0.3342080113943666,0.0035880308569176123,0.330619980537449,0.33279282349394634,6400,6400,64,100.0,51.76847686234396
single_step,Single-step Still,100,oldest,4,1.0,0.40450189681723714,0.004773684573592618,0.3997282122436445,0.4000915619544685,6400,6400,64,100.0,51.5831376647111
single_step,Single-step Still,100,middle,2,1.0,0.012918112799525261,0.0011892375187017024,0.011728875280823559,0.012794694164767861,6400,6400,64,100.0,51.774930448736995
single_step,Single-step Still,100,newest,2,1.0,0.514910139143467,0.0036155167617835104,0.5112946223816834,0.5181934759020805,6400,6400,64,100.0,52.13270167121664
recurrent,Recurrent Still,1,overall,8,1.0,0.00026585965565573133,0.0005724170550820418,-0.00030655739942631044,0.003370677681232337,64,64,64,1.0,51.38591420836747
recurrent,Recurrent Still,1,oldest,4,1.0,4.8039326827620243e-05,0.0007383082847809419,-0.0006902689579533217,0.0038129579625092447,64,64,64,1.0,55.02127227373421
recurrent,Recurrent Still,1,middle,2,1.0,0.0009264727103754922,0.0005141233268659562,0.000412349383509536,0.0040999752236530185,64,64,64,1.0,48.21523302234709
recurrent,Recurrent Still,1,newest,2,1.0,4.0887258592192666e-05,0.0002989283239003271,-0.0002580410653081344,0.0017568195762578398,64,64,64,1.0,47.28587926365435
recurrent,Recurrent Still,2,overall,8,1.0,0.030668698193039745,0.0004032835531688761,0.03026541463987087,0.02984717453364283,128,128,64,2.0,50.90722726890817
recurrent,Recurrent Still,2,oldest,4,1.0,0.033261537086218596,0.0005173437893972732,0.03274419329682132,0.03213462233543396,128,128,64,2.0,50.89149437844753
recurrent,Recurrent Still,2,middle,2,1.0,0.02281172713264823,0.000235814386542188,0.02257591274610604,0.022419854532927275,128,128,64,2.0,50.77203316614032
recurrent,Recurrent Still,2,newest,2,1.0,0.03333999146707356,0.00034263224733876996,0.03299735921973479,0.03269959893077612,128,128,64,2.0,51.07388715259731
recurrent,Recurrent Still,4,overall,8,1.0,0.0035748147495269222,0.0012762983601533051,0.002298516389373617,0.005199536222789902,256,256,64,4.0,51.6792645357782
recurrent,Recurrent Still,4,oldest,4,1.0,0.00234248556125749,0.0005425419503808371,0.0017999436108766531,0.004248100260156207,256,256,64,4.0,51.46383566898294
recurrent,Recurrent Still,4,middle,2,1.0,0.0004941788502037525,0.0009472433594055474,-0.00045306450920179486,0.0021261933143250644,256,256,64,4.0,52.73517989553511
recurrent,Recurrent Still,4,newest,2,1.0,0.009120109025388956,0.003072866180445999,0.006047242844942957,0.010175751056522131,256,256,64,4.0,51.05420690961182
recurrent,Recurrent Still,8,overall,8,1.0,0.0016751292230310355,0.001306233849390992,0.00036889537364004354,0.0035226848267484456,512,512,64,8.0,51.82689056528034
recurrent,Recurrent Still,8,oldest,4,1.0,0.0015216311344374844,0.0012097351245756727,0.00031189600986181176,0.003926996898371726,512,512,64,8.0,51.77241344063077
recurrent,Recurrent Still,8,middle,2,1.0,0.0021439919946715236,0.002127824816852808,1.6167177818715572e-05,0.0036832913756370544,512,512,64,8.0,52.222767495550215
recurrent,Recurrent Still,8,newest,2,1.0,0.0015132626285776496,0.0006776403315598145,0.0008356222970178351,0.0025534541346132755,512,512,64,8.0,51.53996788430959
recurrent,Recurrent Still,16,overall,8,1.0,0.0015340141217166092,0.0009807578535401262,0.000553256268176483,0.0036762437666766346,1024,1024,64,16.0,52.038117613847135
recurrent,Recurrent Still,16,oldest,4,1.0,0.0005536247117561288,0.0009454071841901168,-0.000391782472433988,0.0031979483319446445,1024,1024,64,16.0,52.05215986643452
recurrent,Recurrent Still,16,middle,2,1.0,0.004094288713531569,0.0016924092778936028,0.002401879435637966,0.006553953513503075,1024,1024,64,16.0,51.167034878744744
recurrent,Recurrent Still,16,newest,2,1.0,0.0009345183498226106,0.00033980776788666844,0.0005947105819359422,0.0017551248893141747,1024,1024,64,16.0,52.88111584377475
recurrent,Recurrent Still,32,overall,8,1.0,0.0005078789387766847,0.0007293547423614655,-0.0002214758035847808,0.003193429918610491,2048,2048,64,32.0,52.65803210750164
recurrent,Recurrent Still,32,oldest,4,1.0,0.0004198730857751798,0.001097138607292436,-0.0006772655215172563,0.004827719298191369,2048,2048,64,32.0,51.87620783181046
recurrent,Recurrent Still,32,middle,2,1.0,0.00037721726653217047,0.0002143749297829345,0.00016284233674923598,0.001387108932249248,2048,2048,64,32.0,53.12377666996326
recurrent,Recurrent Still,32,newest,2,1.0,0.0008145523170242086,0.0005087668250780553,0.00030578549194615334,0.0017311721458099782,2048,2048,64,32.0,53.755936096422374
recurrent,Recurrent Still,100,overall,8,1.0,0.0037309763425241727,0.0035880308569176123,0.0001429454856065604,0.0209257501992397,6400,6400,64,100.0,44.59673401492182
recurrent,Recurrent Still,100,oldest,4,1.0,0.0062103459050604215,0.004773684573592618,0.0014366613314678034,0.02815850730985403,6400,6400,64,100.0,46.62323060911149
recurrent,Recurrent Still,100,middle,2,1.0,0.0007745562761556357,0.0011892375187017024,-0.00041468124254606664,0.0044926193077117205,6400,6400,64,100.0,43.28464538324624
recurrent,Recurrent Still,100,newest,2,1.0,0.0017286572838202119,0.0036155167617835104,-0.0018868594779632986,0.022893366869539022,6400,6400,64,100.0,41.85582945821807
